<application>
  <component name="GitRememberedInputs">
    <option name="visitedUrls">
      <list>
        <UrlAndUserName>
          <option name="url" value="https://github.com/spring-guides/gs-serving-web-content.git" />
          <option name="userName" value="" />
        </UrlAndUserName>
        <UrlAndUserName>
          <option name="url" value="https://github.com/springframeworkguru/spring-boot-oracle-example" />
          <option name="userName" value="" />
        </UrlAndUserName>
        <UrlAndUserName>
          <option name="url" value="https://github.com/mybatis/mybatis-spring-boot" />
          <option name="userName" value="" />
        </UrlAndUserName>
        <UrlAndUserName>
          <option name="url" value="https://github.com/appleappleapple/DistributeLearning" />
          <option name="userName" value="" />
        </UrlAndUserName>
        <UrlAndUserName>
          <option name="url" value="http://git.sami.int.thomsonreuters.com" />
          <option name="userName" value="eugene.wang" />
        </UrlAndUserName>
        <UrlAndUserName>
          <option name="url" value="https://github.com/eugenp/tutorials/tree/master/spring-cloud/spring-cloud-functions" />
          <option name="userName" value="" />
        </UrlAndUserName>
        <UrlAndUserName>
          <option name="url" value="https://github.com/spring-cloud/spring-cloud-function/tree/master/spring-cloud-function-samples" />
          <option name="userName" value="" />
        </UrlAndUserName>
        <UrlAndUserName>
          <option name="url" value="https://github.com/spring-cloud/spring-cloud-function" />
          <option name="userName" value="" />
        </UrlAndUserName>
        <UrlAndUserName>
          <option name="url" value="https://git.sami.int.thomsonreuters.com/edp-workflow/notification" />
          <option name="userName" value="" />
        </UrlAndUserName>
        <UrlAndUserName>
          <option name="url" value="https://git.sami.int.thomsonreuters.com/edp-workflow/business-entity.git" />
          <option name="userName" value="" />
        </UrlAndUserName>
        <UrlAndUserName>
          <option name="url" value="https://git.sami.int.thomsonreuters.com/edp-workflow/workflow-api.git" />
          <option name="userName" value="" />
        </UrlAndUserName>
        <UrlAndUserName>
          <option name="url" value="https://github.com/sail456852/Java8Tests" />
          <option name="userName" value="" />
        </UrlAndUserName>
        <UrlAndUserName>
          <option name="url" value="https://git.sami.int.thomsonreuters.com/edp-workflow/workflow-common" />
          <option name="userName" value="" />
        </UrlAndUserName>
        <UrlAndUserName>
          <option name="url" value="https://git.sami.int.thomsonreuters.com/edp-workflow/workflow-human-task" />
          <option name="userName" value="" />
        </UrlAndUserName>
      </list>
    </option>
    <option name="cloneParentDir" value="C:\Users\Eugene_Wang\IdeaProjects" />
  </component>
  <component name="Vcs.Log.App.Settings">
    <option name="COLUMN_ORDER">
      <list>
        <option value="0" />
        <option value="1" />
        <option value="2" />
        <option value="3" />
      </list>
    </option>
  </component>
</application>