<application>
  <component name="RemoteServers">
    <remote-server name="DockerOnTencent" type="docker">
      <configuration>
        <option name="apiUrl" value="tcp://139.199.68.69:2376" />
        <option name="pathMappings">
          <list />
        </option>
      </configuration>
    </remote-server>
    <remote-server name="DockerOnGoogle" type="docker">
      <configuration>
        <option name="apiUrl" value="tcp://35.220.183.217:2376" />
        <option name="pathMappings">
          <list />
        </option>
      </configuration>
    </remote-server>
  </component>
</application>