<keymap version="1" name="Default copy" parent="$default">
  <action id="ChangesView.GroupBy.Directory" />
  <action id="CloseAllEditorsButActive">
    <keyboard-shortcut first-keystroke="shift ctrl w" />
  </action>
  <action id="CloseContent">
    <keyboard-shortcut first-keystroke="ctrl w" />
  </action>
  <action id="Console.TableResult.SelectRow" />
  <action id="EditorDown">
    <keyboard-shortcut first-keystroke="down" />
    <keyboard-shortcut first-keystroke="ctrl n" />
  </action>
  <action id="EditorSelectWord" />
  <action id="EditorUnSelectWord" />
  <action id="EditorUp">
    <keyboard-shortcut first-keystroke="up" />
    <keyboard-shortcut first-keystroke="ctrl p" />
  </action>
  <action id="FileChooser.NewFolder">
    <keyboard-shortcut first-keystroke="alt insert" />
  </action>
  <action id="FileChooser.TogglePathShowing" />
  <action id="GotoChangedFile" />
  <action id="GotoClass">
    <keyboard-shortcut first-keystroke="shift alt n" />
  </action>
  <action id="ParameterInfo">
    <keyboard-shortcut first-keystroke="shift alt p" />
  </action>
  <action id="QuickJavaDoc">
    <mouse-shortcut keystroke="alt button2" />
    <keyboard-shortcut first-keystroke="ctrl alt q" />
  </action>
  <action id="Scala.ShowImplicits">
    <keyboard-shortcut first-keystroke="shift ctrl alt equals" />
    <keyboard-shortcut first-keystroke="shift ctrl alt add" />
  </action>
  <action id="ToggleRenderedDocPresentation" />
  <action id="UpdateRunningApplication" />
  <action id="android.deploy.ApplyChanges">
    <keyboard-shortcut first-keystroke="ctrl f10" />
  </action>
  <action id="android.deploy.CodeSwap">
    <keyboard-shortcut first-keystroke="ctrl alt f10" />
  </action>
  <action id="hg4idea.QPushAction" />
  <action id="tasks.goto" />
</keymap>