<application>
  <component name="FileTypeManager" version="18">
    <extensionMap>
      <mapping ext="space.kts" type="Kotlin" />
      <mapping ext="main.kts" type="Kotlin" />
      <mapping pattern=".ideavimrc" type="PLAIN_TEXT" />
      <mapping pattern="credentials" type="PLAIN_TEXT" />
      <mapping ext="pem" type="PLAIN_TEXT" />
      <removed_mapping ext="apk" approved="true" type="ARCHIVE" />
      <removed_mapping ext="psd" approved="true" type="Image" />
    </extensionMap>
  </component>
</application>