<application>
  <component name="LanguageInjectionConfiguration">
    <injection language="MySQL" injector-id="java">
      <display-name>Select.value (org.apache.ibatis.annotations)</display-name>
      <place><![CDATA[psiMethod().withName("value").withParameters().definedInClass("org.apache.ibatis.annotations.Select")]]></place>
    </injection>
    <injection language="MySQL" injector-id="xml">
      <display-name>if</display-name>
      <place><![CDATA[xmlTag().withLocalName(string().equalTo("if")).withNamespace(string().equalTo("http://mybatis.org/dtd/mybatis-3-mapper.dtd"))]]></place>
    </injection>
    <injection language="MySQL" injector-id="xml">
      <display-name>insert</display-name>
      <place><![CDATA[xmlTag().withLocalName(string().equalTo("insert")).withNamespace(string().equalTo("http://mybatis.org/dtd/mybatis-3-mapper.dtd"))]]></place>
    </injection>
    <injection language="SpEL" injector-id="xml">
      <display-name>property/@value</display-name>
      <place><![CDATA[xmlAttribute().withLocalName(string().equalTo("value")).withParent(xmlTag().withLocalName(string().equalTo("property")).withNamespace(string().equalTo("http://www.springframework.org/schema/beans")))]]></place>
    </injection>
    <injection language="MySQL" injector-id="xml">
      <display-name>select</display-name>
      <place><![CDATA[xmlTag().withLocalName(string().equalTo("select")).withNamespace(string().equalTo("http://mybatis.org/dtd/mybatis-3-mapper.dtd"))]]></place>
    </injection>
  </component>
</application>