<application>
  <component name="PostfixTemplates">
    <template id="snn@userDefined2" key=".snn" provider="builtin.java" language-level="8" topmost="false">
      <conditions>
        <condition id="fqn" fqn="java.lang.String" />
      </conditions>
      <template name="fakeKey" value="        if(!StringUtils.isNullOrEmpty($EXPR$)){&#10;                &#10;        }" toReformat="true" toShortenFQNames="true" />
    </template>
    <template id="snn@userDefined" key=".sn" provider="builtin.java" language-level="8" topmost="false">
      <conditions>
        <condition id="fqn" fqn="java.lang.String" />
      </conditions>
      <template name="fakeKey" value="        if(StringUtils.isNullOrEmpty($EXPR$)){&#10;                &#10;        }" toReformat="true" toShortenFQNames="true" />
    </template>
    <template id="cnn@userDefined" key=".cnn" provider="builtin.java" language-level="8" topmost="false">
      <conditions>
        <condition id="fqn" fqn="java.lang.Iterable" />
      </conditions>
      <template name="fakeKey" value="        if(!CollectionUtils.isNullOrEmpty($EXPR$)){&#10;                &#10;        }" toReformat="true" toShortenFQNames="true" />
    </template>
    <template id="com.intellij.codeInsight.template.postfix.templates.NotNullCheckPostfixTemplate#.nn" key=".nn" provider="builtin.java" builtin="com.intellij.codeInsight.template.postfix.templates.NotNullCheckPostfixTemplate#.nn" />
    <template id="cn@userDefined" key=".cn" provider="builtin.java" language-level="8" topmost="false">
      <conditions>
        <condition id="fqn" fqn="java.lang.Iterable" />
      </conditions>
      <template name="fakeKey" value="        if(!CollectionUtils.isNullOrEmpty($EXPR$)){&#10;                &#10;        }" toReformat="true" toShortenFQNames="true" />
    </template>
  </component>
</application>